Workbook

Sheet بيانات الموظفين
A1: شيت مرتبات 2026 - متوافق مع القوانين المصرية
A2: بيانات الموظفين — الخلايا البيضاء للإدخال فقط
A4: كود الموظف | B4: الاسم | C4: الوظيفة | D4: تاريخ التعيين | E4: الحالة الاجتماعية | F4: عدد الاولاد | G4: الراتب الاساسي | H4: الراتب المتغير | I4: الاجر التاميني | J4: ملاحظات

Sheet حساب المرتب الشهري
A1: شيت مرتبات 2026 - متوافق مع القوانين المصرية
A2: هذا الشيت للاسترشاد فقط — راجع التسويات الرسمية ومصلحة الضرائب والتأمينات قبل الاعتماد النهائي
A4: كود الموظف | B4: الاسم | C4: الشهر | D4: سنة | E4: ايام الحضور | F4: الاضافي | G4: الحوافز | H4: اجمالي الاستحقاقات | I4: حصة الموظف تامينات 11% | J4: الوعاء الضريبي | K4: ضريبة الدخل 2026 | L4: الدمغة 3 في الالف | M4: اجمالي الاستقطاعات | N4: صافي المستحق
A5: =IF('بيانات الموظفين'!A5="","",'بيانات الموظفين'!A5) | B5: =IF(A5="","",'بيانات الموظفين'!B5) | C5: يناير | D5: 2026 | E5: 30 | H5: =IF(A5="","",(('بيانات الموظفين'!G5+'بيانات الموظفين'!H5)/30)*MIN(30,MAX(0,E5))+F5+G5) | I5: =IF(A5="","",MIN(16700,MAX(2700,'بيانات الموظفين'!I5))*11%) | J5: =IF(A5="","",MAX(0,ROUNDDOWN(H5*12-I5*12-20000,-1))) | K5: =IF(A5="","",MAX(0,(IF(J5<=40000,0,IF(J5<=60000,(J5-40000)*10%,IF(J5<=70000,2000+(J5-60000)*15%,IF(J5<=200000,3500+(J5-70000)*20%,IF(J5<=400000,29500+(J5-200000)*22.5%,IF(J5<=1000000,74500+(J5-400000)*25%,224500+(J5-1000000)*27.5%)))))))/12)) | L5: =IF(A5="","",IF('كشف التوقيع والملخص'!$B$3="نعم",MAX(0,H5-10000)*0.003,0)) | M5: =IF(A5="","",I5+K5+L5) | N5: =IF(A5="","",H5-M5)
A6: =IF('بيانات الموظفين'!A6="","",'بيانات الموظفين'!A6) | B6: =IF(A6="","",'بيانات الموظفين'!B6) | C6: يناير | D6: 2026 | E6: 30 | H6: =IF(A6="","",(('بيانات الموظفين'!G6+'بيانات الموظفين'!H6)/30)*MIN(30,MAX(0,E6))+F6+G6) | I6: =IF(A6="","",MIN(16700,MAX(2700,'بيانات الموظفين'!I6))*11%) | J6: =IF(A6="","",MAX(0,ROUNDDOWN(H6*12-I6*12-20000,-1))) | K6: =IF(A6="","",MAX(0,(IF(J6<=40000,0,IF(J6<=60000,(J6-40000)*10%,IF(J6<=70000,2000+(J6-60000)*15%,IF(J6<=200000,3500+(J6-70000)*20%,IF(J6<=400000,29500+(J6-200000)*22.5%,IF(J6<=1000000,74500+(J6-400000)*25%,224500+(J6-1000000)*27.5%)))))))/12)) | L6: =IF(A6="","",IF('كشف التوقيع والملخص'!$B$3="نعم",MAX(0,H6-10000)*0.003,0)) | M6: =IF(A6="","",I6+K6+L6) | N6: =IF(A6="","",H6-M6)
A7: =IF('بيانات الموظفين'!A7="","",'بيانات الموظفين'!A7) | B7: =IF(A7="","",'بيانات الموظفين'!B7) | C7: يناير | D7: 2026 | E7: 30 | H7: =IF(A7="","",(('بيانات الموظفين'!G7+'بيانات الموظفين'!H7)/30)*MIN(30,MAX(0,E7))+F7+G7) | I7: =IF(A7="","",MIN(16700,MAX(2700,'بيانات الموظفين'!I7))*11%) | J7: =IF(A7="","",MAX(0,ROUNDDOWN(H7*12-I7*12-20000,-1))) | K7: =IF(A7="","",MAX(0,(IF(J7<=40000,0,IF(J7<=60000,(J7-40000)*10%,IF(J7<=70000,2000+(J7-60000)*15%,IF(J7<=200000,3500+(J7-70000)*20%,IF(J7<=400000,29500+(J7-200000)*22.5%,IF(J7<=1000000,74500+(J7-400000)*25%,224500+(J7-1000000)*27.5%)))))))/12)) | L7: =IF(A7="","",IF('كشف التوقيع والملخص'!$B$3="نعم",MAX(0,H7-10000)*0.003,0)) | M7: =IF(A7="","",I7+K7+L7) | N7: =IF(A7="","",H7-M7)
A8: =IF('بيانات الموظفين'!A8="","",'بيانات الموظفين'!A8) | B8: =IF(A8="","",'بيانات الموظفين'!B8) | C8: يناير | D8: 2026 | E8: 30 | H8: =IF(A8="","",(('بيانات الموظفين'!G8+'بيانات الموظفين'!H8)/30)*MIN(30,MAX(0,E8))+F8+G8) | I8: =IF(A8="","",MIN(16700,MAX(2700,'بيانات الموظفين'!I8))*11%) | J8: =IF(A8="","",MAX(0,ROUNDDOWN(H8*12-I8*12-20000,-1))) | K8: =IF(A8="","",MAX(0,(IF(J8<=40000,0,IF(J8<=60000,(J8-40000)*10%,IF(J8<=70000,2000+(J8-60000)*15%,IF(J8<=200000,3500+(J8-70000)*20%,IF(J8<=400000,29500+(J8-200000)*22.5%,IF(J8<=1000000,74500+(J8-400000)*25%,224500+(J8-1000000)*27.5%)))))))/12)) | L8: =IF(A8="","",IF('كشف التوقيع والملخص'!$B$3="نعم",MAX(0,H8-10000)*0.003,0)) | M8: =IF(A8="","",I8+K8+L8) | N8: =IF(A8="","",H8-M8)
A9: =IF('بيانات الموظفين'!A9="","",'بيانات الموظفين'!A9) | B9: =IF(A9="","",'بيانات الموظفين'!B9) | C9: يناير | D9: 2026 | E9: 30 | H9: =IF(A9="","",(('بيانات الموظفين'!G9+'بيانات الموظفين'!H9)/30)*MIN(30,MAX(0,E9))+F9+G9) | I9: =IF(A9="","",MIN(16700,MAX(2700,'بيانات الموظفين'!I9))*11%) | J9: =IF(A9="","",MAX(0,ROUNDDOWN(H9*12-I9*12-20000,-1))) | K9: =IF(A9="","",MAX(0,(IF(J9<=40000,0,IF(J9<=60000,(J9-40000)*10%,IF(J9<=70000,2000+(J9-60000)*15%,IF(J9<=200000,3500+(J9-70000)*20%,IF(J9<=400000,29500+(J9-200000)*22.5%,IF(J9<=1000000,74500+(J9-400000)*25%,224500+(J9-1000000)*27.5%)))))))/12)) | L9: =IF(A9="","",IF('كشف التوقيع والملخص'!$B$3="نعم",MAX(0,H9-10000)*0.003,0)) | M9: =IF(A9="","",I9+K9+L9) | N9: =IF(A9="","",H9-M9)
A10: =IF('بيانات الموظفين'!A10="","",'بيانات الموظفين'!A10) | B10: =IF(A10="","",'بيانات الموظفين'!B10) | C10: يناير | D10: 2026 | E10: 30 | H10: =IF(A10="","",(('بيانات الموظفين'!G10+'بيانات الموظفين'!H10)/30)*MIN(30,MAX(0,E10))+F10+G10) | I10: =IF(A10="","",MIN(16700,MAX(2700,'بيانات الموظفين'!I10))*11%) | J10: =IF(A10="","",MAX(0,ROUNDDOWN(H10*12-I10*12-20000,-1))) | K10: =IF(A10="","",MAX(0,(IF(J10<=40000,0,IF(J10<=60000,(J10-40000)*10%,IF(J10<=70000,2000+(J10-60000)*15%,IF(J10<=200000,3500+(J10-70000)*20%,IF(J10<=400000,29500+(J10-200000)*22.5%,IF(J10<=1000000,74500+(J10-400000)*25%,224500+(J10-1000000)*27.5%)))))))/12)) | L10: =IF(A10="","",IF('كشف التوقيع والملخص'!$B$3="نعم",MAX(0,H10-10000)*0.003,0)) | M10: =IF(A10="","",I10+K10+L10) | N10: =IF(A10="","",H10-M10)
A11: =IF('بيانات الموظفين'!A11="","",'بيانات الموظفين'!A11) | B11: =IF(A11="","",'بيانات الموظفين'!B11) | C11: يناير | D11: 2026 | E11: 30 | H11: =IF(A11="","",(('بيانات الموظفين'!G11+'بيانات الموظفين'!H11)/30)*MIN(30,MAX(0,E11))+F11+G11) | I11: =IF(A11="","",MIN(16700,MAX(2700,'بيانات الموظفين'!I11))*11%) | J11: =IF(A11="","",MAX(0,ROUNDDOWN(H11*12-I11*12-20000,-1))) | K11: =IF(A11="","",MAX(0,(IF(J11<=40000,0,IF(J11<=60000,(J11-40000)*10%,IF(J11<=70000,2000+(J11-60000)*15%,IF(J11<=200000,3500+(J11-70000)*20%,IF(J11<=400000,29500+(J11-200000)*22.5%,IF(J11<=1000000,74500+(J11-400000)*25%,224500+(J11-1000000)*27.5%)))))))/12)) | L11: =IF(A11="","",IF('كشف التوقيع والملخص'!$B$3="نعم",MAX(0,H11-10000)*0.003,0)) | M11: =IF(A11="","",I11+K11+L11) | N11: =IF(A11="","",H11-M11)
A12: =IF('بيانات الموظفين'!A12="","",'بيانات الموظفين'!A12) | B12: =IF(A12="","",'بيانات الموظفين'!B12) | C12: يناير | D12: 2026 | E12: 30 | H12: =IF(A12="","",(('بيانات الموظفين'!G12+'بيانات الموظفين'!H12)/30)*MIN(30,MAX(0,E12))+F12+G12) | I12: =IF(A12="","",MIN(16700,MAX(2700,'بيانات الموظفين'!I12))*11%) | J12: =IF(A12="","",MAX(0,ROUNDDOWN(H12*12-I12*12-20000,-1))) | K12: =IF(A12="","",MAX(0,(IF(J12<=40000,0,IF(J12<=60000,(J12-40000)*10%,IF(J12<=70000,2000+(J12-60000)*15%,IF(J12<=200000,3500+(J12-70000)*20%,IF(J12<=400000,29500+(J12-200000)*22.5%,IF(J12<=1000000,74500+(J12-400000)*25%,224500+(J12-1000000)*27.5%)))))))/12)) | L12: =IF(A12="","",IF('كشف التوقيع والملخص'!$B$3="نعم",MAX(0,H12-10000)*0.003,0)) | M12: =IF(A12="","",I12+K12+L12) | N12: =IF(A12="","",H12-M12)
A13: =IF('بيانات الموظفين'!A13="","",'بيانات الموظفين'!A13) | B13: =IF(A13="","",'بيانات الموظفين'!B13) | C13: يناير | D13: 2026 | E13: 30 | H13: =IF(A13="","",(('بيانات الموظفين'!G13+'بيانات الموظفين'!H13)/30)*MIN(30,MAX(0,E13))+F13+G13) | I13: =IF(A13="","",MIN(16700,MAX(2700,'بيانات الموظفين'!I13))*11%) | J13: =IF(A13="","",MAX(0,ROUNDDOWN(H13*12-I13*12-20000,-1))) | K13: =IF(A13="","",MAX(0,(IF(J13<=40000,0,IF(J13<=60000,(J13-40000)*10%,IF(J13<=70000,2000+(J13-60000)*15%,IF(J13<=200000,3500+(J13-70000)*20%,IF(J13<=400000,29500+(J13-200000)*22.5%,IF(J13<=1000000,74500+(J13-400000)*25%,224500+(J13-1000000)*27.5%)))))))/12)) | L13: =IF(A13="","",IF('كشف التوقيع والملخص'!$B$3="نعم",MAX(0,H13-10000)*0.003,0)) | M13: =IF(A13="","",I13+K13+L13) | N13: =IF(A13="","",H13-M13)
A14: =IF('بيانات الموظفين'!A14="","",'بيانات الموظفين'!A14) | B14: =IF(A14="","",'بيانات الموظفين'!B14) | C14: يناير | D14: 2026 | E14: 30 | H14: =IF(A14="","",(('بيانات الموظفين'!G14+'بيانات الموظفين'!H14)/30)*MIN(30,MAX(0,E14))+F14+G14) | I14: =IF(A14="","",MIN(16700,MAX(2700,'بيانات الموظفين'!I14))*11%) | J14: =IF(A14="","",MAX(0,ROUNDDOWN(H14*12-I14*12-20000,-1))) | K14: =IF(A14="","",MAX(0,(IF(J14<=40000,0,IF(J14<=60000,(J14-40000)*10%,IF(J14<=70000,2000+(J14-60000)*15%,IF(J14<=200000,3500+(J14-70000)*20%,IF(J14<=400000,29500+(J14-200000)*22.5%,IF(J14<=1000000,74500+(J14-400000)*25%,224500+(J14-1000000)*27.5%)))))))/12)) | L14: =IF(A14="","",IF('كشف التوقيع والملخص'!$B$3="نعم",MAX(0,H14-10000)*0.003,0)) | M14: =IF(A14="","",I14+K14+L14) | N14: =IF(A14="","",H14-M14)
A15: =IF('بيانات الموظفين'!A15="","",'بيانات الموظفين'!A15) | B15: =IF(A15="","",'بيانات الموظفين'!B15) | C15: يناير | D15: 2026 | E15: 30 | H15: =IF(A15="","",(('بيانات الموظفين'!G15+'بيانات الموظفين'!H15)/30)*MIN(30,MAX(0,E15))+F15+G15) | I15: =IF(A15="","",MIN(16700,MAX(2700,'بيانات الموظفين'!I15))*11%) | J15: =IF(A15="","",MAX(0,ROUNDDOWN(H15*12-I15*12-20000,-1))) | K15: =IF(A15="","",MAX(0,(IF(J15<=40000,0,IF(J15<=60000,(J15-40000)*10%,IF(J15<=70000,2000+(J15-60000)*15%,IF(J15<=200000,3500+(J15-70000)*20%,IF(J15<=400000,29500+(J15-200000)*22.5%,IF(J15<=1000000,74500+(J15-400000)*25%,224500+(J15-1000000)*27.5%)))))))/12)) | L15: =IF(A15="","",IF('كشف التوقيع والملخص'!$B$3="نعم",MAX(0,H15-10000)*0.003,0)) | M15: =IF(A15="","",I15+K15+L15) | N15: =IF(A15="","",H15-M15)
A16: =IF('بيانات الموظفين'!A16="","",'بيانات الموظفين'!A16) | B16: =IF(A16="","",'بيانات الموظفين'!B16) | C16: يناير | D16: 2026 | E16: 30 | H16: =IF(A16="","",(('بيانات الموظفين'!G16+'بيانات الموظفين'!H16)/30)*MIN(30,MAX(0,E16))+F16+G16) | I16: =IF(A16="","",MIN(16700,MAX(2700,'بيانات الموظفين'!I16))*11%) | J16: =IF(A16="","",MAX(0,ROUNDDOWN(H16*12-I16*12-20000,-1))) | K16: =IF(A16="","",MAX(0,(IF(J16<=40000,0,IF(J16<=60000,(J16-40000)*10%,IF(J16<=70000,2000+(J16-60000)*15%,IF(J16<=200000,3500+(J16-70000)*20%,IF(J16<=400000,29500+(J16-200000)*22.5%,IF(J16<=1000000,74500+(J16-400000)*25%,224500+(J16-1000000)*27.5%)))))))/12)) | L16: =IF(A16="","",IF('كشف التوقيع والملخص'!$B$3="نعم",MAX(0,H16-10000)*0.003,0)) | M16: =IF(A16="","",I16+K16+L16) | N16: =IF(A16="","",H16-M16)
... A504: =IF('بيانات الموظفين'!A504="","",'بيانات الموظفين'!A504) | B504: =IF(A504="","",'بيانات الموظفين'!B504) | C504: يناير | D504: 2026 | E504: 30 | H504: =IF(A504="","",(('بيانات الموظفين'!G504+'بيانات الموظفين'!H504)/30)*MIN(30,MAX(0,E504))+F504+G504) | I504: =IF(A504="","",MIN(16700,MAX(2700,'بيانات الموظفين'!I504))*11%) | J504: =IF(A504="","",MAX(0,ROUNDDOWN(H504*12-I504*12-20000,-1))) | K504: =IF(A504="","",MAX(0,(IF(J504<=40000,0,IF(J504<=60000,(J504-40000)*10%,IF(J504<=70000,2000+(J504-60000)*15%,IF(J504<=200000,3500+(J504-70000)*20%,IF(J504<=400000,29500+(J504-200000)*22.5%,IF(J504<=1000000,74500+(J504-400000)*25%,224500+(J504-1000000)*27.5%)))))))/12)) | L504: =IF(A504="","",IF('كشف التوقيع والملخص'!$B$3="نعم",MAX(0,H504-10000)*0.003,0)) | M504: =IF(A504="","",I504+K504+L504) | N504: =IF(A504="","",H504-M504)

Sheet كشف التوقيع والملخص
A1: شيت مرتبات 2026 - متوافق مع القوانين المصرية
A3: تفعيل الدمغة النسبية؟ | B3: لا
A5: كشف التوقيع | F5: الملخص
A6: كود | B6: الاسم | C6: صافي المستحق | D6: التوقيع | F6: إجمالي المرتبات | G6: =SUM('حساب المرتب الشهري'!H5:H504) -> 0
A7: =IF('حساب المرتب الشهري'!A5="","",'حساب المرتب الشهري'!A5) | B7: =IF(A7="","",'حساب المرتب الشهري'!B5) | C7: =IF(A7="","",'حساب المرتب الشهري'!N5) | F7: إجمالي التامينات | G7: =SUM('حساب المرتب الشهري'!I5:I504) -> 0
A8: =IF('حساب المرتب الشهري'!A6="","",'حساب المرتب الشهري'!A6) | B8: =IF(A8="","",'حساب المرتب الشهري'!B6) | C8: =IF(A8="","",'حساب المرتب الشهري'!N6) | F8: إجمالي الضرائب | G8: =SUM('حساب المرتب الشهري'!K5:K504) -> 0
A9: =IF('حساب المرتب الشهري'!A7="","",'حساب المرتب الشهري'!A7) | B9: =IF(A9="","",'حساب المرتب الشهري'!B7) | C9: =IF(A9="","",'حساب المرتب الشهري'!N7) | F9: حصة صاحب العمل 18.75% | G9: =SUM('حساب المرتب الشهري'!I5:I504)*18.75% -> 0
A10: =IF('حساب المرتب الشهري'!A8="","",'حساب المرتب الشهري'!A8) | B10: =IF(A10="","",'حساب المرتب الشهري'!B8) | C10: =IF(A10="","",'حساب المرتب الشهري'!N8) | F10: صافي التكلفة على الشركة | G10: =SUM('حساب المرتب الشهري'!H5:H504)+G9 -> 0
A11: =IF('حساب المرتب الشهري'!A9="","",'حساب المرتب الشهري'!A9) | B11: =IF(A11="","",'حساب المرتب الشهري'!B9) | C11: =IF(A11="","",'حساب المرتب الشهري'!N9)
A12: =IF('حساب المرتب الشهري'!A10="","",'حساب المرتب الشهري'!A10) | B12: =IF(A12="","",'حساب المرتب الشهري'!B10) | C12: =IF(A12="","",'حساب المرتب الشهري'!N10)
A13: =IF('حساب المرتب الشهري'!A11="","",'حساب المرتب الشهري'!A11) | B13: =IF(A13="","",'حساب المرتب الشهري'!B11) | C13: =IF(A13="","",'حساب المرتب الشهري'!N11)
A14: =IF('حساب المرتب الشهري'!A12="","",'حساب المرتب الشهري'!A12) | B14: =IF(A14="","",'حساب المرتب الشهري'!B12) | C14: =IF(A14="","",'حساب المرتب الشهري'!N12)
A15: =IF('حساب المرتب الشهري'!A13="","",'حساب المرتب الشهري'!A13) | B15: =IF(A15="","",'حساب المرتب الشهري'!B13) | C15: =IF(A15="","",'حساب المرتب الشهري'!N13)
A16: =IF('حساب المرتب الشهري'!A14="","",'حساب المرتب الشهري'!A14) | B16: =IF(A16="","",'حساب المرتب الشهري'!B14) | C16: =IF(A16="","",'حساب المرتب الشهري'!N14)
A17: =IF('حساب المرتب الشهري'!A15="","",'حساب المرتب الشهري'!A15) | B17: =IF(A17="","",'حساب المرتب الشهري'!B15) | C17: =IF(A17="","",'حساب المرتب الشهري'!N15)
A18: =IF('حساب المرتب الشهري'!A16="","",'حساب المرتب الشهري'!A16) | B18: =IF(A18="","",'حساب المرتب الشهري'!B16) | C18: =IF(A18="","",'حساب المرتب الشهري'!N16)
A19: =IF('حساب المرتب الشهري'!A17="","",'حساب المرتب الشهري'!A17) | B19: =IF(A19="","",'حساب المرتب الشهري'!B17) | C19: =IF(A19="","",'حساب المرتب الشهري'!N17)
A20: =IF('حساب المرتب الشهري'!A18="","",'حساب المرتب الشهري'!A18) | B20: =IF(A20="","",'حساب المرتب الشهري'!B18) | C20: =IF(A20="","",'حساب المرتب الشهري'!N18)
A21: =IF('حساب المرتب الشهري'!A19="","",'حساب المرتب الشهري'!A19) | B21: =IF(A21="","",'حساب المرتب الشهري'!B19) | C21: =IF(A21="","",'حساب المرتب الشهري'!N19)
A22: =IF('حساب المرتب الشهري'!A20="","",'حساب المرتب الشهري'!A20) | B22: =IF(A22="","",'حساب المرتب الشهري'!B20) | C22: =IF(A22="","",'حساب المرتب الشهري'!N20)
... A506: =IF('حساب المرتب الشهري'!A504="","",'حساب المرتب الشهري'!A504) | B506: =IF(A506="","",'حساب المرتب الشهري'!B504) | C506: =IF(A506="","",'حساب المرتب الشهري'!N504)
A509: للمزيد من الاختبارات المحاسبية المجانية تفضل بزيارة: [رابط موقعك]
