Workbook

Sheet Dashboard
A1: نظام إدارة المخزون والمستودعات — Dashboard
A3: إجمالي المشتريات | C3: إجمالي تكلفة المنصرف | E3: قيمة المخزون بعد NRV | G3: انخفاض قيمة المخزون
A4: =SUM(Purchases!M4:M203) -> 0 | C4: =SUM(Issues!K4:K203) -> 0 | E4: =SUM(Valuation!K4:K103) -> 0 | G4: =SUM(Valuation!L4:L103) -> 0
A7: عدد الأصناف | C7: عدد المستودعات | E7: أصناف تحتاج إعادة طلب | G7: بنود عليها انخفاض NRV
A8: =COUNTA('Item Master'!A4:A103) -> 0 | C8: =COUNTA(Warehouses!A4:A53) -> 0 | E8: =COUNTIF('Reorder'!G4:G103,"حرج")+COUNTIF('Reorder'!G4:G103,"إعادة طلب قريبًا") -> 0 | G8: =COUNTIF(Valuation!L4:L103,">0") -> 0
A11: التصنيف | B11: قيمة المخزون
A24: ملاحظات
A25: 1) أدخل البيانات في الصفحات التشغيلية واترك خلايا المعادلات كما هي.
A26: 2) Valuation يطبق الأقل من التكلفة وNRV وفق IAS 2.
A27: 3) FIFO والمتوسط المرجح والتحديد المحدد هي صيغ تكلفة متاحة حسب طبيعة الأصناف.
A28: 4) Reorder وAging أدوات تشغيلية؛ لا تعتبر وحدها قواعد قياس محاسبي.
A29: 5) الملف أداة مساعدة ولا يحل محل السياسات المحاسبية أو الحكم المهني.

Sheet Lists
A1: حالة الصنف | B1: نوع الصنف | C1: وحدة القياس | D1: طريقة التقييم | E1: نوع الحركة
A2: نشط | B2: بضاعة تامة للمتاجرة | C2: قطعة | D2: FIFO | E2: مشتريات
A3: غير نشط | B3: مواد خام | C3: كجم | D3: المتوسط المرجح | E3: منصرف/مبيعات
B4: إنتاج تحت التشغيل | C4: جرام | D4: التحديد المحدد | E4: مرتجع شراء
B5: منتج تام | C5: لتر | E5: مرتجع بيع
B6: مستلزمات تشغيل | C6: متر | E6: تسوية زيادة
C7: كرتونة | E7: تسوية عجز

Sheet Item Master
A1: Item Master
A3: كود الصنف | B3: اسم الصنف | C3: نوع الصنف | D3: الوحدة | E3: التصنيف | F3: المستودع الافتراضي | G3: الحد الأدنى | H3: نقطة إعادة الطلب | I3: الحد الأقصى | J3: طريقة التقييم | K3: المورد الرئيسي | L3: باركود | M3: حالة الصنف | N3: ملاحظات
J4: المتوسط المرجح | M4: نشط
J5: المتوسط المرجح | M5: نشط
J6: المتوسط المرجح | M6: نشط
J7: المتوسط المرجح | M7: نشط
J8: المتوسط المرجح | M8: نشط
J9: المتوسط المرجح | M9: نشط
J10: المتوسط المرجح | M10: نشط
J11: المتوسط المرجح | M11: نشط
J12: المتوسط المرجح | M12: نشط
J13: المتوسط المرجح | M13: نشط
J14: المتوسط المرجح | M14: نشط
J15: المتوسط المرجح | M15: نشط
... J103: المتوسط المرجح | M103: نشط

Sheet Warehouses
A1: Warehouses
A3: كود المستودع | B3: اسم المستودع | C3: الموقع | D3: المسؤول | E3: نوع المستودع | F3: السعة | G3: الحالة | H3: ملاحظات
G4: نشط
G5: نشط
G6: نشط
G7: نشط
G8: نشط
G9: نشط
G10: نشط
G11: نشط
G12: نشط
G13: نشط
G14: نشط
G15: نشط
... G53: نشط

Sheet Purchases
A1: Purchases
A3: رقم الحركة | B3: التاريخ | C3: رقم فاتورة المورد | D3: كود المورد | E3: اسم المورد | F3: كود الصنف | G3: اسم الصنف | H3: المستودع | I3: الكمية | J3: سعر الوحدة | K3: خصم | L3: نقل/مناولة مباشرة | M3: تكلفة الشراء الصافية | N3: تكلفة الوحدة الفعلية | O3: Batch/Lot | P3: تاريخ الانتهاء | Q3: أمر الشراء | R3: ملاحظات
M4: =IF(I4="","",I4*J4-K4+L4) | N4: =IF(I4=0,"",M4/I4)
M5: =IF(I5="","",I5*J5-K5+L5) | N5: =IF(I5=0,"",M5/I5)
M6: =IF(I6="","",I6*J6-K6+L6) | N6: =IF(I6=0,"",M6/I6)
M7: =IF(I7="","",I7*J7-K7+L7) | N7: =IF(I7=0,"",M7/I7)
M8: =IF(I8="","",I8*J8-K8+L8) | N8: =IF(I8=0,"",M8/I8)
M9: =IF(I9="","",I9*J9-K9+L9) | N9: =IF(I9=0,"",M9/I9)
M10: =IF(I10="","",I10*J10-K10+L10) | N10: =IF(I10=0,"",M10/I10)
M11: =IF(I11="","",I11*J11-K11+L11) | N11: =IF(I11=0,"",M11/I11)
M12: =IF(I12="","",I12*J12-K12+L12) | N12: =IF(I12=0,"",M12/I12)
M13: =IF(I13="","",I13*J13-K13+L13) | N13: =IF(I13=0,"",M13/I13)
M14: =IF(I14="","",I14*J14-K14+L14) | N14: =IF(I14=0,"",M14/I14)
M15: =IF(I15="","",I15*J15-K15+L15) | N15: =IF(I15=0,"",M15/I15)
... M203: =IF(I203="","",I203*J203-K203+L203) | N203: =IF(I203=0,"",M203/I203)

Sheet Issues
A1: Issues
A3: رقم الحركة | B3: التاريخ | C3: رقم المستند | D3: نوع الحركة | E3: كود العميل/الجهة | F3: كود الصنف | G3: اسم الصنف | H3: المستودع | I3: الكمية | J3: تكلفة الوحدة | K3: قيمة التكلفة | L3: Batch/Lot | M3: فاتورة البيع | N3: مركز التكلفة | O3: ملاحظات
K4: =IF(I4="","",I4*J4)
K5: =IF(I5="","",I5*J5)
K6: =IF(I6="","",I6*J6)
K7: =IF(I7="","",I7*J7)
K8: =IF(I8="","",I8*J8)
K9: =IF(I9="","",I9*J9)
K10: =IF(I10="","",I10*J10)
K11: =IF(I11="","",I11*J11)
K12: =IF(I12="","",I12*J12)
K13: =IF(I13="","",I13*J13)
K14: =IF(I14="","",I14*J14)
K15: =IF(I15="","",I15*J15)
... K203: =IF(I203="","",I203*J203)

Sheet Adjustments
A1: Adjustments
A3: رقم التسوية | B3: التاريخ | C3: المستودع | D3: كود الصنف | E3: اسم الصنف | F3: الرصيد الدفتري | G3: الكمية الفعلية | H3: الفرق | I3: تكلفة الوحدة | J3: قيمة الفرق | K3: سبب التسوية | L3: ملاحظات
H4: =IF(OR(F4="",G4=""),"",G4-F4) | J4: =IF(OR(H4="",I4=""),"",H4*I4)
H5: =IF(OR(F5="",G5=""),"",G5-F5) | J5: =IF(OR(H5="",I5=""),"",H5*I5)
H6: =IF(OR(F6="",G6=""),"",G6-F6) | J6: =IF(OR(H6="",I6=""),"",H6*I6)
H7: =IF(OR(F7="",G7=""),"",G7-F7) | J7: =IF(OR(H7="",I7=""),"",H7*I7)
H8: =IF(OR(F8="",G8=""),"",G8-F8) | J8: =IF(OR(H8="",I8=""),"",H8*I8)
H9: =IF(OR(F9="",G9=""),"",G9-F9) | J9: =IF(OR(H9="",I9=""),"",H9*I9)
H10: =IF(OR(F10="",G10=""),"",G10-F10) | J10: =IF(OR(H10="",I10=""),"",H10*I10)
H11: =IF(OR(F11="",G11=""),"",G11-F11) | J11: =IF(OR(H11="",I11=""),"",H11*I11)
H12: =IF(OR(F12="",G12=""),"",G12-F12) | J12: =IF(OR(H12="",I12=""),"",H12*I12)
H13: =IF(OR(F13="",G13=""),"",G13-F13) | J13: =IF(OR(H13="",I13=""),"",H13*I13)
H14: =IF(OR(F14="",G14=""),"",G14-F14) | J14: =IF(OR(H14="",I14=""),"",H14*I14)
H15: =IF(OR(F15="",G15=""),"",G15-F15) | J15: =IF(OR(H15="",I15=""),"",H15*I15)
... H103: =IF(OR(F103="",G103=""),"",G103-F103) | J103: =IF(OR(H103="",I103=""),"",H103*I103)

Sheet Valuation
A1: Valuation
A3: كود الصنف | B3: اسم الصنف | C3: الكمية | D3: التكلفة/الوحدة | E3: إجمالي التكلفة | F3: سعر البيع المتوقع/الوحدة | G3: تكلفة الإكمال/الوحدة | H3: تكاليف البيع اللازمة/الوحدة | I3: NRV/الوحدة | J3: إجمالي NRV | K3: القيمة الدفترية | L3: انخفاض القيمة | M3: عكس انخفاض سابق | N3: ملاحظات
E4: =IF(OR(C4="",D4=""),"",C4*D4) | I4: =IF(F4="","",F4-IF(G4="",0,G4)-IF(H4="",0,H4)) | J4: =IF(OR(C4="",I4=""),"",C4*I4) | K4: =IF(OR(E4="",J4=""),"",MIN(E4,J4)) | L4: =IF(OR(E4="",K4=""),"",MAX(0,E4-K4))
E5: =IF(OR(C5="",D5=""),"",C5*D5) | I5: =IF(F5="","",F5-IF(G5="",0,G5)-IF(H5="",0,H5)) | J5: =IF(OR(C5="",I5=""),"",C5*I5) | K5: =IF(OR(E5="",J5=""),"",MIN(E5,J5)) | L5: =IF(OR(E5="",K5=""),"",MAX(0,E5-K5))
E6: =IF(OR(C6="",D6=""),"",C6*D6) | I6: =IF(F6="","",F6-IF(G6="",0,G6)-IF(H6="",0,H6)) | J6: =IF(OR(C6="",I6=""),"",C6*I6) | K6: =IF(OR(E6="",J6=""),"",MIN(E6,J6)) | L6: =IF(OR(E6="",K6=""),"",MAX(0,E6-K6))
E7: =IF(OR(C7="",D7=""),"",C7*D7) | I7: =IF(F7="","",F7-IF(G7="",0,G7)-IF(H7="",0,H7)) | J7: =IF(OR(C7="",I7=""),"",C7*I7) | K7: =IF(OR(E7="",J7=""),"",MIN(E7,J7)) | L7: =IF(OR(E7="",K7=""),"",MAX(0,E7-K7))
E8: =IF(OR(C8="",D8=""),"",C8*D8) | I8: =IF(F8="","",F8-IF(G8="",0,G8)-IF(H8="",0,H8)) | J8: =IF(OR(C8="",I8=""),"",C8*I8) | K8: =IF(OR(E8="",J8=""),"",MIN(E8,J8)) | L8: =IF(OR(E8="",K8=""),"",MAX(0,E8-K8))
E9: =IF(OR(C9="",D9=""),"",C9*D9) | I9: =IF(F9="","",F9-IF(G9="",0,G9)-IF(H9="",0,H9)) | J9: =IF(OR(C9="",I9=""),"",C9*I9) | K9: =IF(OR(E9="",J9=""),"",MIN(E9,J9)) | L9: =IF(OR(E9="",K9=""),"",MAX(0,E9-K9))
E10: =IF(OR(C10="",D10=""),"",C10*D10) | I10: =IF(F10="","",F10-IF(G10="",0,G10)-IF(H10="",0,H10)) | J10: =IF(OR(C10="",I10=""),"",C10*I10) | K10: =IF(OR(E10="",J10=""),"",MIN(E10,J10)) | L10: =IF(OR(E10="",K10=""),"",MAX(0,E10-K10))
E11: =IF(OR(C11="",D11=""),"",C11*D11) | I11: =IF(F11="","",F11-IF(G11="",0,G11)-IF(H11="",0,H11)) | J11: =IF(OR(C11="",I11=""),"",C11*I11) | K11: =IF(OR(E11="",J11=""),"",MIN(E11,J11)) | L11: =IF(OR(E11="",K11=""),"",MAX(0,E11-K11))
E12: =IF(OR(C12="",D12=""),"",C12*D12) | I12: =IF(F12="","",F12-IF(G12="",0,G12)-IF(H12="",0,H12)) | J12: =IF(OR(C12="",I12=""),"",C12*I12) | K12: =IF(OR(E12="",J12=""),"",MIN(E12,J12)) | L12: =IF(OR(E12="",K12=""),"",MAX(0,E12-K12))
E13: =IF(OR(C13="",D13=""),"",C13*D13) | I13: =IF(F13="","",F13-IF(G13="",0,G13)-IF(H13="",0,H13)) | J13: =IF(OR(C13="",I13=""),"",C13*I13) | K13: =IF(OR(E13="",J13=""),"",MIN(E13,J13)) | L13: =IF(OR(E13="",K13=""),"",MAX(0,E13-K13))
E14: =IF(OR(C14="",D14=""),"",C14*D14) | I14: =IF(F14="","",F14-IF(G14="",0,G14)-IF(H14="",0,H14)) | J14: =IF(OR(C14="",I14=""),"",C14*I14) | K14: =IF(OR(E14="",J14=""),"",MIN(E14,J14)) | L14: =IF(OR(E14="",K14=""),"",MAX(0,E14-K14))
E15: =IF(OR(C15="",D15=""),"",C15*D15) | I15: =IF(F15="","",F15-IF(G15="",0,G15)-IF(H15="",0,H15)) | J15: =IF(OR(C15="",I15=""),"",C15*I15) | K15: =IF(OR(E15="",J15=""),"",MIN(E15,J15)) | L15: =IF(OR(E15="",K15=""),"",MAX(0,E15-K15))
... E103: =IF(OR(C103="",D103=""),"",C103*D103) | I103: =IF(F103="","",F103-IF(G103="",0,G103)-IF(H103="",0,H103)) | J103: =IF(OR(C103="",I103=""),"",C103*I103) | K103: =IF(OR(E103="",J103=""),"",MIN(E103,J103)) | L103: =IF(OR(E103="",K103=""),"",MAX(0,E103-K103))

Sheet Stock Count
A1: Stock Count
A3: رقم الجرد | B3: التاريخ | C3: المستودع | D3: كود الصنف | E3: اسم الصنف | F3: الرصيد الدفتري | G3: الكمية الفعلية | H3: الفرق | I3: تكلفة الوحدة | J3: قيمة الفرق | K3: حالة المطابقة | L3: سبب/إجراء
H4: =IF(OR(F4="",G4=""),"",G4-F4) | J4: =IF(OR(H4="",I4=""),"",H4*I4) | K4: =IF(H4="","",IF(H4=0,"مطابق",IF(H4>0,"زيادة","عجز")))
H5: =IF(OR(F5="",G5=""),"",G5-F5) | J5: =IF(OR(H5="",I5=""),"",H5*I5) | K5: =IF(H5="","",IF(H5=0,"مطابق",IF(H5>0,"زيادة","عجز")))
H6: =IF(OR(F6="",G6=""),"",G6-F6) | J6: =IF(OR(H6="",I6=""),"",H6*I6) | K6: =IF(H6="","",IF(H6=0,"مطابق",IF(H6>0,"زيادة","عجز")))
H7: =IF(OR(F7="",G7=""),"",G7-F7) | J7: =IF(OR(H7="",I7=""),"",H7*I7) | K7: =IF(H7="","",IF(H7=0,"مطابق",IF(H7>0,"زيادة","عجز")))
H8: =IF(OR(F8="",G8=""),"",G8-F8) | J8: =IF(OR(H8="",I8=""),"",H8*I8) | K8: =IF(H8="","",IF(H8=0,"مطابق",IF(H8>0,"زيادة","عجز")))
H9: =IF(OR(F9="",G9=""),"",G9-F9) | J9: =IF(OR(H9="",I9=""),"",H9*I9) | K9: =IF(H9="","",IF(H9=0,"مطابق",IF(H9>0,"زيادة","عجز")))
H10: =IF(OR(F10="",G10=""),"",G10-F10) | J10: =IF(OR(H10="",I10=""),"",H10*I10) | K10: =IF(H10="","",IF(H10=0,"مطابق",IF(H10>0,"زيادة","عجز")))
H11: =IF(OR(F11="",G11=""),"",G11-F11) | J11: =IF(OR(H11="",I11=""),"",H11*I11) | K11: =IF(H11="","",IF(H11=0,"مطابق",IF(H11>0,"زيادة","عجز")))
H12: =IF(OR(F12="",G12=""),"",G12-F12) | J12: =IF(OR(H12="",I12=""),"",H12*I12) | K12: =IF(H12="","",IF(H12=0,"مطابق",IF(H12>0,"زيادة","عجز")))
H13: =IF(OR(F13="",G13=""),"",G13-F13) | J13: =IF(OR(H13="",I13=""),"",H13*I13) | K13: =IF(H13="","",IF(H13=0,"مطابق",IF(H13>0,"زيادة","عجز")))
H14: =IF(OR(F14="",G14=""),"",G14-F14) | J14: =IF(OR(H14="",I14=""),"",H14*I14) | K14: =IF(H14="","",IF(H14=0,"مطابق",IF(H14>0,"زيادة","عجز")))
H15: =IF(OR(F15="",G15=""),"",G15-F15) | J15: =IF(OR(H15="",I15=""),"",H15*I15) | K15: =IF(H15="","",IF(H15=0,"مطابق",IF(H15>0,"زيادة","عجز")))
... H103: =IF(OR(F103="",G103=""),"",G103-F103) | J103: =IF(OR(H103="",I103=""),"",H103*I103) | K103: =IF(H103="","",IF(H103=0,"مطابق",IF(H103>0,"زيادة","عجز")))

Sheet Aging
A1: Aging
A3: كود الصنف | B3: اسم الصنف | C3: تاريخ أقدم رصيد/دفعة | D3: الكمية | E3: تكلفة الوحدة | F3: قيمة المخزون | G3: العمر بالأيام | H3: شريحة العمر | I3: مؤشر مراجعة NRV | J3: ملاحظات
F4: =IF(OR(D4="",E4=""),"",D4*E4) | G4: =IF(C4="","",TODAY()-C4) | H4: =IF(G4="","",IF(G4<=30,"0-30 يوم",IF(G4<=60,"31-60 يوم",IF(G4<=90,"61-90 يوم",IF(G4<=180,"91-180 يوم",IF(G4<=365,"181-365 يوم","+365 يوم")))))) | I4: =IF(G4="","",IF(G4>180,"راجع NRV/الركود","متابعة عادية"))
F5: =IF(OR(D5="",E5=""),"",D5*E5) | G5: =IF(C5="","",TODAY()-C5) | H5: =IF(G5="","",IF(G5<=30,"0-30 يوم",IF(G5<=60,"31-60 يوم",IF(G5<=90,"61-90 يوم",IF(G5<=180,"91-180 يوم",IF(G5<=365,"181-365 يوم","+365 يوم")))))) | I5: =IF(G5="","",IF(G5>180,"راجع NRV/الركود","متابعة عادية"))
F6: =IF(OR(D6="",E6=""),"",D6*E6) | G6: =IF(C6="","",TODAY()-C6) | H6: =IF(G6="","",IF(G6<=30,"0-30 يوم",IF(G6<=60,"31-60 يوم",IF(G6<=90,"61-90 يوم",IF(G6<=180,"91-180 يوم",IF(G6<=365,"181-365 يوم","+365 يوم")))))) | I6: =IF(G6="","",IF(G6>180,"راجع NRV/الركود","متابعة عادية"))
F7: =IF(OR(D7="",E7=""),"",D7*E7) | G7: =IF(C7="","",TODAY()-C7) | H7: =IF(G7="","",IF(G7<=30,"0-30 يوم",IF(G7<=60,"31-60 يوم",IF(G7<=90,"61-90 يوم",IF(G7<=180,"91-180 يوم",IF(G7<=365,"181-365 يوم","+365 يوم")))))) | I7: =IF(G7="","",IF(G7>180,"راجع NRV/الركود","متابعة عادية"))
F8: =IF(OR(D8="",E8=""),"",D8*E8) | G8: =IF(C8="","",TODAY()-C8) | H8: =IF(G8="","",IF(G8<=30,"0-30 يوم",IF(G8<=60,"31-60 يوم",IF(G8<=90,"61-90 يوم",IF(G8<=180,"91-180 يوم",IF(G8<=365,"181-365 يوم","+365 يوم")))))) | I8: =IF(G8="","",IF(G8>180,"راجع NRV/الركود","متابعة عادية"))
F9: =IF(OR(D9="",E9=""),"",D9*E9) | G9: =IF(C9="","",TODAY()-C9) | H9: =IF(G9="","",IF(G9<=30,"0-30 يوم",IF(G9<=60,"31-60 يوم",IF(G9<=90,"61-90 يوم",IF(G9<=180,"91-180 يوم",IF(G9<=365,"181-365 يوم","+365 يوم")))))) | I9: =IF(G9="","",IF(G9>180,"راجع NRV/الركود","متابعة عادية"))
F10: =IF(OR(D10="",E10=""),"",D10*E10) | G10: =IF(C10="","",TODAY()-C10) | H10: =IF(G10="","",IF(G10<=30,"0-30 يوم",IF(G10<=60,"31-60 يوم",IF(G10<=90,"61-90 يوم",IF(G10<=180,"91-180 يوم",IF(G10<=365,"181-365 يوم","+365 يوم")))))) | I10: =IF(G10="","",IF(G10>180,"راجع NRV/الركود","متابعة عادية"))
F11: =IF(OR(D11="",E11=""),"",D11*E11) | G11: =IF(C11="","",TODAY()-C11) | H11: =IF(G11="","",IF(G11<=30,"0-30 يوم",IF(G11<=60,"31-60 يوم",IF(G11<=90,"61-90 يوم",IF(G11<=180,"91-180 يوم",IF(G11<=365,"181-365 يوم","+365 يوم")))))) | I11: =IF(G11="","",IF(G11>180,"راجع NRV/الركود","متابعة عادية"))
F12: =IF(OR(D12="",E12=""),"",D12*E12) | G12: =IF(C12="","",TODAY()-C12) | H12: =IF(G12="","",IF(G12<=30,"0-30 يوم",IF(G12<=60,"31-60 يوم",IF(G12<=90,"61-90 يوم",IF(G12<=180,"91-180 يوم",IF(G12<=365,"181-365 يوم","+365 يوم")))))) | I12: =IF(G12="","",IF(G12>180,"راجع NRV/الركود","متابعة عادية"))
F13: =IF(OR(D13="",E13=""),"",D13*E13) | G13: =IF(C13="","",TODAY()-C13) | H13: =IF(G13="","",IF(G13<=30,"0-30 يوم",IF(G13<=60,"31-60 يوم",IF(G13<=90,"61-90 يوم",IF(G13<=180,"91-180 يوم",IF(G13<=365,"181-365 يوم","+365 يوم")))))) | I13: =IF(G13="","",IF(G13>180,"راجع NRV/الركود","متابعة عادية"))
F14: =IF(OR(D14="",E14=""),"",D14*E14) | G14: =IF(C14="","",TODAY()-C14) | H14: =IF(G14="","",IF(G14<=30,"0-30 يوم",IF(G14<=60,"31-60 يوم",IF(G14<=90,"61-90 يوم",IF(G14<=180,"91-180 يوم",IF(G14<=365,"181-365 يوم","+365 يوم")))))) | I14: =IF(G14="","",IF(G14>180,"راجع NRV/الركود","متابعة عادية"))
F15: =IF(OR(D15="",E15=""),"",D15*E15) | G15: =IF(C15="","",TODAY()-C15) | H15: =IF(G15="","",IF(G15<=30,"0-30 يوم",IF(G15<=60,"31-60 يوم",IF(G15<=90,"61-90 يوم",IF(G15<=180,"91-180 يوم",IF(G15<=365,"181-365 يوم","+365 يوم")))))) | I15: =IF(G15="","",IF(G15>180,"راجع NRV/الركود","متابعة عادية"))
... F103: =IF(OR(D103="",E103=""),"",D103*E103) | G103: =IF(C103="","",TODAY()-C103) | H103: =IF(G103="","",IF(G103<=30,"0-30 يوم",IF(G103<=60,"31-60 يوم",IF(G103<=90,"61-90 يوم",IF(G103<=180,"91-180 يوم",IF(G103<=365,"181-365 يوم","+365 يوم")))))) | I103: =IF(G103="","",IF(G103>180,"راجع NRV/الركود","متابعة عادية"))

Sheet Reorder
A1: Reorder
A3: كود الصنف | B3: اسم الصنف | C3: الرصيد الحالي | D3: الحد الأدنى | E3: نقطة إعادة الطلب | F3: الحد الأقصى | G3: حالة المخزون | H3: الكمية المقترحة للطلب | I3: متوسط الاستهلاك اليومي | J3: أيام التغطية | K3: ملاحظات
G4: =IF(C4="","",IF(C4<=D4,"حرج",IF(C4<=E4,"إعادة طلب قريبًا","طبيعي"))) | H4: =IF(OR(C4="",F4=""),"",MAX(0,F4-C4)) | J4: =IF(OR(C4="",I4="",I4=0),"",C4/I4)
G5: =IF(C5="","",IF(C5<=D5,"حرج",IF(C5<=E5,"إعادة طلب قريبًا","طبيعي"))) | H5: =IF(OR(C5="",F5=""),"",MAX(0,F5-C5)) | J5: =IF(OR(C5="",I5="",I5=0),"",C5/I5)
G6: =IF(C6="","",IF(C6<=D6,"حرج",IF(C6<=E6,"إعادة طلب قريبًا","طبيعي"))) | H6: =IF(OR(C6="",F6=""),"",MAX(0,F6-C6)) | J6: =IF(OR(C6="",I6="",I6=0),"",C6/I6)
G7: =IF(C7="","",IF(C7<=D7,"حرج",IF(C7<=E7,"إعادة طلب قريبًا","طبيعي"))) | H7: =IF(OR(C7="",F7=""),"",MAX(0,F7-C7)) | J7: =IF(OR(C7="",I7="",I7=0),"",C7/I7)
G8: =IF(C8="","",IF(C8<=D8,"حرج",IF(C8<=E8,"إعادة طلب قريبًا","طبيعي"))) | H8: =IF(OR(C8="",F8=""),"",MAX(0,F8-C8)) | J8: =IF(OR(C8="",I8="",I8=0),"",C8/I8)
G9: =IF(C9="","",IF(C9<=D9,"حرج",IF(C9<=E9,"إعادة طلب قريبًا","طبيعي"))) | H9: =IF(OR(C9="",F9=""),"",MAX(0,F9-C9)) | J9: =IF(OR(C9="",I9="",I9=0),"",C9/I9)
G10: =IF(C10="","",IF(C10<=D10,"حرج",IF(C10<=E10,"إعادة طلب قريبًا","طبيعي"))) | H10: =IF(OR(C10="",F10=""),"",MAX(0,F10-C10)) | J10: =IF(OR(C10="",I10="",I10=0),"",C10/I10)
G11: =IF(C11="","",IF(C11<=D11,"حرج",IF(C11<=E11,"إعادة طلب قريبًا","طبيعي"))) | H11: =IF(OR(C11="",F11=""),"",MAX(0,F11-C11)) | J11: =IF(OR(C11="",I11="",I11=0),"",C11/I11)
G12: =IF(C12="","",IF(C12<=D12,"حرج",IF(C12<=E12,"إعادة طلب قريبًا","طبيعي"))) | H12: =IF(OR(C12="",F12=""),"",MAX(0,F12-C12)) | J12: =IF(OR(C12="",I12="",I12=0),"",C12/I12)
G13: =IF(C13="","",IF(C13<=D13,"حرج",IF(C13<=E13,"إعادة طلب قريبًا","طبيعي"))) | H13: =IF(OR(C13="",F13=""),"",MAX(0,F13-C13)) | J13: =IF(OR(C13="",I13="",I13=0),"",C13/I13)
G14: =IF(C14="","",IF(C14<=D14,"حرج",IF(C14<=E14,"إعادة طلب قريبًا","طبيعي"))) | H14: =IF(OR(C14="",F14=""),"",MAX(0,F14-C14)) | J14: =IF(OR(C14="",I14="",I14=0),"",C14/I14)
G15: =IF(C15="","",IF(C15<=D15,"حرج",IF(C15<=E15,"إعادة طلب قريبًا","طبيعي"))) | H15: =IF(OR(C15="",F15=""),"",MAX(0,F15-C15)) | J15: =IF(OR(C15="",I15="",I15=0),"",C15/I15)
... G103: =IF(C103="","",IF(C103<=D103,"حرج",IF(C103<=E103,"إعادة طلب قريبًا","طبيعي"))) | H103: =IF(OR(C103="",F103=""),"",MAX(0,F103-C103)) | J103: =IF(OR(C103="",I103="",I103=0),"",C103/I103)

Sheet Stock Card
A1: Stock Card
A3: كود الصنف | B3: نوع الحركة | C3: رقم المستند | D3: الوارد | E3: المنصرف | F3: التسوية | G3: الرصيد | H3: تكلفة الوحدة | I3: قيمة الحركة | J3: قيمة الرصيد | K3: Batch/Lot | L3: ملاحظات
A4: المستودع
A5: من تاريخ
A6: إلى تاريخ
G10: =IF(AND(D10="",E10="",F10=""),"",SUM($D$10:D10)-SUM($E$10:E10)+SUM($F$10:F10)) | I10: =IF(OR(D10="",H10=""),"",D10*H10-IF(E10="",0,E10)*H10+IF(F10="",0,F10)*H10) | J10: =IF(OR(G10="",H10=""),"",G10*H10)
G11: =IF(AND(D11="",E11="",F11=""),"",SUM($D$10:D11)-SUM($E$10:E11)+SUM($F$10:F11)) | I11: =IF(OR(D11="",H11=""),"",D11*H11-IF(E11="",0,E11)*H11+IF(F11="",0,F11)*H11) | J11: =IF(OR(G11="",H11=""),"",G11*H11)
G12: =IF(AND(D12="",E12="",F12=""),"",SUM($D$10:D12)-SUM($E$10:E12)+SUM($F$10:F12)) | I12: =IF(OR(D12="",H12=""),"",D12*H12-IF(E12="",0,E12)*H12+IF(F12="",0,F12)*H12) | J12: =IF(OR(G12="",H12=""),"",G12*H12)
G13: =IF(AND(D13="",E13="",F13=""),"",SUM($D$10:D13)-SUM($E$10:E13)+SUM($F$10:F13)) | I13: =IF(OR(D13="",H13=""),"",D13*H13-IF(E13="",0,E13)*H13+IF(F13="",0,F13)*H13) | J13: =IF(OR(G13="",H13=""),"",G13*H13)
G14: =IF(AND(D14="",E14="",F14=""),"",SUM($D$10:D14)-SUM($E$10:E14)+SUM($F$10:F14)) | I14: =IF(OR(D14="",H14=""),"",D14*H14-IF(E14="",0,E14)*H14+IF(F14="",0,F14)*H14) | J14: =IF(OR(G14="",H14=""),"",G14*H14)
G15: =IF(AND(D15="",E15="",F15=""),"",SUM($D$10:D15)-SUM($E$10:E15)+SUM($F$10:F15)) | I15: =IF(OR(D15="",H15=""),"",D15*H15-IF(E15="",0,E15)*H15+IF(F15="",0,F15)*H15) | J15: =IF(OR(G15="",H15=""),"",G15*H15)
G16: =IF(AND(D16="",E16="",F16=""),"",SUM($D$10:D16)-SUM($E$10:E16)+SUM($F$10:F16)) | I16: =IF(OR(D16="",H16=""),"",D16*H16-IF(E16="",0,E16)*H16+IF(F16="",0,F16)*H16) | J16: =IF(OR(G16="",H16=""),"",G16*H16)
G17: =IF(AND(D17="",E17="",F17=""),"",SUM($D$10:D17)-SUM($E$10:E17)+SUM($F$10:F17)) | I17: =IF(OR(D17="",H17=""),"",D17*H17-IF(E17="",0,E17)*H17+IF(F17="",0,F17)*H17) | J17: =IF(OR(G17="",H17=""),"",G17*H17)
G18: =IF(AND(D18="",E18="",F18=""),"",SUM($D$10:D18)-SUM($E$10:E18)+SUM($F$10:F18)) | I18: =IF(OR(D18="",H18=""),"",D18*H18-IF(E18="",0,E18)*H18+IF(F18="",0,F18)*H18) | J18: =IF(OR(G18="",H18=""),"",G18*H18)
G19: =IF(AND(D19="",E19="",F19=""),"",SUM($D$10:D19)-SUM($E$10:E19)+SUM($F$10:F19)) | I19: =IF(OR(D19="",H19=""),"",D19*H19-IF(E19="",0,E19)*H19+IF(F19="",0,F19)*H19) | J19: =IF(OR(G19="",H19=""),"",G19*H19)
G20: =IF(AND(D20="",E20="",F20=""),"",SUM($D$10:D20)-SUM($E$10:E20)+SUM($F$10:F20)) | I20: =IF(OR(D20="",H20=""),"",D20*H20-IF(E20="",0,E20)*H20+IF(F20="",0,F20)*H20) | J20: =IF(OR(G20="",H20=""),"",G20*H20)
G21: =IF(AND(D21="",E21="",F21=""),"",SUM($D$10:D21)-SUM($E$10:E21)+SUM($F$10:F21)) | I21: =IF(OR(D21="",H21=""),"",D21*H21-IF(E21="",0,E21)*H21+IF(F21="",0,F21)*H21) | J21: =IF(OR(G21="",H21=""),"",G21*H21)
... G109: =IF(AND(D109="",E109="",F109=""),"",SUM($D$10:D109)-SUM($E$10:E109)+SUM($F$10:F109)) | I109: =IF(OR(D109="",H109=""),"",D109*H109-IF(E109="",0,E109)*H109+IF(F109="",0,F109)*H109) | J109: =IF(OR(G109="",H109=""),"",G109*H109)

Sheet Reports
A1: Reports
A3: البند | B3: القيمة
A4: إجمالي المشتريات | B4: =SUM(Purchases!M4:M203) -> 0
A5: إجمالي تكلفة المنصرف | B5: =SUM(Issues!K4:K203) -> 0
A6: إجمالي فروقات الجرد | B6: =SUM('Stock Count'!J4:J103) -> 0
A7: إجمالي انخفاض المخزون | B7: =SUM(Valuation!L4:L103) -> 0
A8: إجمالي القيمة الدفترية | B8: =SUM(Valuation!K4:K103) -> 0

Sheet Guide
A1: دليل الاستخدام والمعالجة المحاسبية — عربي
A3: الهدف | B3: إدارة حركة المخزون والمستودعات مع طبقة تقييم ومراجعة وفق المبادئ ذات الصلة بـ IAS 2.
A4: المخزون | B4: أصول محتفظ بها للبيع في النشاط العادي، أو تحت الإنتاج للبيع، أو مواد ومستلزمات ستستهلك في الإنتاج أو تقديم الخدمات.
A5: القياس | B5: الأقل من التكلفة وصافي القيمة القابلة للتحقق (NRV).
A6: التكلفة | B6: تكاليف الشراء والتحويل والتكاليف الأخرى اللازمة للوصول بالمخزون إلى موقعه وحالته الحالية، مع مراعاة استبعادات المعيار.
A7: صيغ التكلفة | B7: التحديد المحدد للحالات المناسبة؛ وFIFO أو المتوسط المرجح للأصناف القابلة للتبادل عادةً.
A8: NRV | B8: سعر البيع المقدر ناقص تكاليف الإكمال وتكاليف البيع اللازمة المقدرة.
A9: الانخفاض | B9: إذا كانت NRV أقل من التكلفة، تخفض القيمة إلى NRV ويعترف بالانخفاض وفق IAS 2.
A10: العكس | B10: عند ارتفاع NRV لاحقًا، يكون العكس في حدود الانخفاض السابق وفق متطلبات IAS 2.
A11: الجرد | B11: استخدم Stock Count لمقارنة الرصيد الدفتري بالكمية الفعلية وتوثيق الفروقات.
A12: حدود الملف | B12: لا يغطي تلقائيًا كل الحالات الخاصة بالصناعات أو المخزونات ذات متطلبات القياس المختلفة؛ يجب مراجعة المعيار والسياسة المحاسبية.

Sheet IAS2 Notes
A1: ملاحظات IAS 2 — مرجع مختصر
A3: المعيار المرجعي | B3: IAS 2 Inventories
A4: القياس | B4: الأقل من التكلفة وصافي القيمة القابلة للتحقق (NRV).
A5: التكلفة | B5: تكاليف الشراء + تكاليف التحويل + التكاليف الأخرى اللازمة للوصول بالمخزون إلى موقعه وحالته الحالية، وفق شروط المعيار.
A6: صيغ التكلفة | B6: التحديد المحدد للحالات المناسبة؛ وFIFO أو المتوسط المرجح للأصناف القابلة للتبادل عادةً.
A7: الإفصاح | B7: تشمل متطلبات IAS 2 سياسات القياس وصيغة التكلفة والقيم والانخفاضات/العكوسات وغيرها من الإفصاحات المطلوبة.
A8: المصدر الرسمي | B8: https://www.ifrs.org/issued-standards/list-of-standards/ias-2-inventories/
